signal_id,signal_date,run_datetime_jst,ticker,name,sector,signal_type,raw_alerts,action_level,script_title,price_at_signal,high_52w,drawdown_pct,ma20,ma50,ma200,above_ma200,above_ma200_pct,recent_cross_above_ma200,return_1m_pct,return_3m_pct,return_6m_pct,return_20d_pct,return_60d_pct,topix_return_20d_pct,topix_return_3m_pct,relative_topix_20d_pct,relative_topix_3m_pct,volume_spike,recent_volume_spike_days,current_volume,avg_volume_20d,avg_turnover_20d,manual_review_done,review_date,fundamental_status,news_risk,earnings_risk,valuation_comment,personal_decision,decision_reason,paper_entry_date,paper_entry_price,planned_position_pct,stop_loss_price,target_review_price,exit_rule,actual_buy,actual_position_note,price_1w,return_1w_pct,topix_return_1w_pct,relative_return_1w_pct,price_1m,return_1m_forward_pct,topix_return_1m_pct,relative_return_1m_pct,price_3m,return_3m_forward_pct,topix_return_3m_pct,relative_return_3m_pct,price_6m,return_6m_forward_pct,topix_return_6m_pct,relative_return_6m_pct,max_gain_1m_pct,max_drawdown_1m_pct,max_gain_3m_pct,max_drawdown_3m_pct,result_label,notes
2026-05-11_8035.T_overheat_risk,2026-05-11,2026-05-13 00:40:13 JST,8035.T,東京エレクトロン,半导体 / AI硬件,overheat_risk,overheat_risk,D：不宜购买，避免追高,过热提醒，避免追高,52080.0,52450.0,0.7054337464251669,45766.5,42363.673984375,33447.78684570312,true,55.70536920797937,false,35.73103987490227,32.54414151530316,67.14468928529789,35.48387096774193,31.450370299674766,2.4725259858629833,8.892559658979815,33.01134498187895,23.651581856323347,false,0,2998700.0,3479380.0,159903538550.0,,,,,,,,,,,,,,,,,,,,,,,,,,,,,,,,,,,,,,
2026-05-11_6857.T_overheat_risk,2026-05-11,2026-05-13 00:40:13 JST,6857.T,アドバンテスト,半导体 / AI硬件,overheat_risk,overheat_risk,D：不宜购买，避免追高,过热提醒，避免追高,28780.0,31500.0,8.634920634920636,27810.75,25476.0641015625,19570.54653808594,true,47.05772239927835,false,31.23575011399908,18.573022419691565,59.04621661122942,29.639639639639647,18.84195358010401,2.4725259858629833,8.892559658979815,27.167113653776664,9.68046276071175,false,0,8727700.0,11083740.0,311453081100.0,,,,,,,,,,,,,,,,,,,,,,,,,,,,,,,,,,,,,,
2026-05-11_6920.T_overheat_risk,2026-05-11,2026-05-13 00:40:13 JST,6920.T,レーザーテック,半导体 / AI硬件,overheat_risk,overheat_risk,D：不宜购买，避免追高,过热提醒，避免追高,44110.0,45770.0,3.626829801179812,42800.5,37836.6,27747.593056640624,true,58.96874337878284,false,17.752269087026164,40.881507505589276,102.39809305412639,20.61799289034727,52.682589131187264,2.4725259858629833,8.892559658979815,18.145466904484287,31.988947846609463,false,0,3933100.0,4984080.0,212587056650.0,,,,,,,,,,,,,,,,,,,,,,,,,,,,,,,,,,,,,,
2026-05-11_7735.T_overheat_risk,2026-05-11,2026-05-13 00:40:13 JST,7735.T,SCREEN,半导体 / AI硬件,overheat_risk,overheat_risk,D：不宜购买，避免追高,过热提醒，避免追高,11410.0,11747.533203125,2.8732262108883564,10707.5,10193.070546875,7804.039814453125,true,46.20632738019375,false,26.077348066298335,17.81532467218172,69.49784704756863,23.699045967042487,14.161908308284765,2.4725259858629833,8.892559658979815,21.226519981179504,8.922765013201905,false,0,1802900.0,2158575.0,23137900200.0,,,,,,,,,,,,,,,,,,,,,,,,,,,,,,,,,,,,,,
2026-05-11_4063.T_overheat_risk,2026-05-11,2026-05-13 00:40:13 JST,4063.T,信越化学,半导体 / AI硬件,overheat_risk,overheat_risk,D：不宜购买，避免追高,过热提醒，避免追高,7574.0,7711.0,1.7766826611334459,6912.0,6496.8505859375,5205.086101074219,true,45.5115218639109,false,16.112218304461145,49.01399304094545,63.52628171589061,15.211439002129602,47.51782114678447,2.4725259858629833,8.892559658979815,12.738913016266618,40.12143338196564,false,1,8717000.0,9486870.0,65997361710.0,,,,,,,,,,,,,,,,,,,,,,,,,,,,,,,,,,,,,,
2026-05-11_3436.T_breakout_but_overheated,2026-05-11,2026-05-13 00:40:13 JST,3436.T,SUMCO,半导体 / AI硬件,breakout_but_overheated,breakout_strength;overheat_risk,C：强势观察，不宜追高,强势突破但短线过热,3613.0,3613.0,0.0,2390.425,1976.61,1550.5164892578125,true,133.01912782168728,false,106.93012600229098,130.2740599107712,128.53983643613182,104.93477027793534,125.03892868265338,2.4725259858629833,8.892559658979815,102.46224429207236,121.38150025179138,true,2,24780600.0,14821650.0,37778573622.5,,,,,,,,,,,,,,,,,,,,,,,,,,,,,,,,,,,,,,
2026-05-11_6315.T_overheat_risk,2026-05-11,2026-05-13 00:40:13 JST,6315.T,TOWA,半导体 / AI硬件,overheat_risk,overheat_risk,D：不宜购买，避免追高,过热提醒，避免追高,3375.0,3380.0,0.14792899408284024,2802.5,2655.954287109375,2311.5650341796877,true,46.00497715166802,false,46.167171935902985,18.58569064283926,63.076617816427216,48.09126810004387,14.786148108507113,2.4725259858629833,8.892559658979815,45.61874211418089,9.693130983859445,true,2,6981600.0,4132195.0,11948957100.0,,,,,,,,,,,,,,,,,,,,,,,,,,,,,,,,,,,,,,
2026-05-11_6526.T_pullback_but_overheated,2026-05-11,2026-05-13 00:40:13 JST,6526.T,ソシオネクスト,半导体 / AI硬件,pullback_but_overheated,pullback_watch;overheat_risk,C：加入观察名单，等待回踩，不宜追高,回撤后修复，但短线过热,2380.0,3448.155029296875,30.97758135064728,1942.125,1885.6439892578126,2343.85994934082,true,1.541903161464231,true,27.511384945084384,15.483942504432902,-16.83960328267777,27.374899652127382,15.456286882191828,2.4725259858629833,8.892559658979815,24.9023736662644,6.5913828454530865,true,3,16067100.0,9034355.0,18073719272.5,,,,,,,,,,,,,,,,,,,,,,,,,,,,,,,,,,,,,,
2026-05-11_6723.T_overheat_risk,2026-05-11,2026-05-13 00:40:13 JST,6723.T,ルネサス,半导体 / AI硬件,overheat_risk,overheat_risk,D：不宜购买，避免追高,过热提醒，避免追高,3500.0,3623.0,3.394976538780017,3002.525,2712.09,2189.498480834961,true,59.85395882372486,false,52.87180607119459,42.65335235378031,85.06849896873625,51.35135135135136,26.513645400325323,2.4725259858629833,8.892559658979815,48.87882536548838,33.7607926948005,false,1,18399000.0,18418305.0,57104438835.0,,,,,,,,,,,,,,,,,,,,,,,,,,,,,,,,,,,,,,
2026-05-11_6963.T_overheat_risk,2026-05-11,2026-05-13 00:40:13 JST,6963.T,ローム,半导体 / AI硬件,overheat_risk,overheat_risk,D：不宜购买，避免追高,过热提醒，避免追高,4000.0,4000.0,0.0,3672.7,3367.7798583984377,2494.4632592773437,true,60.35513792890326,false,10.772639158127939,51.917598055187696,68.27941284617758,12.676056338028175,62.055605725358085,2.4725259858629833,8.892559658979815,10.203530352165192,43.02503839620788,false,2,6816600.0,4945510.0,18059739810.0,,,,,,,,,,,,,,,,,,,,,,,,,,,,,,,,,,,,,,
2026-05-11_5805.T_overheat_risk,2026-05-11,2026-05-13 00:40:13 JST,5805.T,SWCC,AI基础设施 / 数据中心 / 电力 / 冷却,overheat_risk,overheat_risk,D：不宜购买，避免追高,过热提醒，避免追高,17230.0,17259.369140625,0.17016346533704463,15069.0,14419.08802734375,10682.35330078125,true,61.29404743372315,false,33.773291925465834,51.57410606730437,140.58715006854482,34.39937597503899,43.083960065805485,2.4725259858629833,8.892559658979815,31.92684998917601,42.68154640832456,true,1,766100.0,398500.0,6094344550.0,,,,,,,,,,,,,,,,,,,,,,,,,,,,,,,,,,,,,,
2026-05-11_5801.T_overheat_risk,2026-05-11,2026-05-13 00:40:13 JST,5801.T,古河電工,AI基础设施 / 数据中心 / 电力 / 冷却,overheat_risk,overheat_risk,D：不宜购买，避免追高,过热提醒，避免追高,43430.0,46880.0,7.359215017064846,44051.5,35470.65515625,16605.06310546875,true,161.54673260890326,false,16.43431635388739,233.3800855708377,317.3625396166377,18.95371131196932,203.6947624639471,2.4725259858629833,8.892559658979815,16.48118532610634,224.4875259118579,false,0,3737100.0,5934150.0,263592429750.0,,,,,,,,,,,,,,,,,,,,,,,,,,,,,,,,,,,,,,
2026-05-11_5802.T_overheat_risk,2026-05-11,2026-05-13 00:40:13 JST,5802.T,住友電工,AI基础设施 / 数据中心 / 电力 / 冷却,overheat_risk,overheat_risk,D：不宜购买，避免追高,过热提醒，避免追高,11210.0,11345.0,1.1899515204936095,10318.45,9995.37603515625,6519.196186523437,true,71.95371452654624,false,17.480612031020758,65.94636115911663,137.30537471336984,21.967141769121955,52.43675188279448,2.4725259858629833,8.892559658979815,19.494615783258972,57.05380150013682,false,1,4725400.0,6855320.0,70816105485.0,,,,,,,,,,,,,,,,,,,,,,,,,,,,,,,,,,,,,,
2026-05-11_5803.T_overheat_risk,2026-05-11,2026-05-13 00:40:13 JST,5803.T,フジクラ,AI基础设施 / 数据中心 / 电力 / 冷却,overheat_risk,overheat_risk,D：不宜购买，避免追高,过热提醒，避免追高,6832.0,6832.0,0.0,5910.75,4966.6625390625,3218.1307415771485,true,112.29715473435857,false,48.52173913043478,107.30518546098318,114.48714619499718,56.338672768878716,90.12149106912713,2.4725259858629833,8.892559658979815,53.866146783015736,98.41262580200336,false,0,40738700.0,52260295.0,306008600905.0,,,,,,,,,,,,,,,,,,,,,,,,,,,,,,,,,,,,,,
2026-05-11_6503.T_overheat_risk,2026-05-11,2026-05-13 00:40:13 JST,6503.T,三菱電機,AI基础设施 / 数据中心 / 电力 / 冷却,overheat_risk,overheat_risk,D：不宜购买，避免追高,过热提醒，避免追高,6447.0,6460.0,0.20123839009287925,6002.15,5670.48021484375,4543.169732666016,true,41.905329964786084,false,21.64150943396226,34.76320494476002,58.908277778636965,19.69922020051986,21.005190955323293,2.4725259858629833,8.892559658979815,17.226694214656877,25.870645285780206,false,1,7418200.0,6733790.0,40784781090.0,,,,,,,,,,,,,,,,,,,,,,,,,,,,,,,,,,,,,,
2026-05-11_1942.T_overheat_risk,2026-05-11,2026-05-13 00:40:13 JST,1942.T,関電工,AI基础设施 / 数据中心 / 电力 / 冷却,overheat_risk,overheat_risk,D：不宜购买，避免追高,过热提醒，避免追高,7165.0,7165.0,0.0,6404.95,6290.58076171875,4990.709001464844,true,43.56677574062064,false,18.175820550882406,30.5962381777231,63.7093067362831,17.942386831275712,29.1092879919173,2.4725259858629833,8.892559658979815,15.469860845412729,21.70367851874329,false,0,1230500.0,1461485.0,9668261600.0,,,,,,,,,,,,,,,,,,,,,,,,,,,,,,,,,,,,,,
2026-05-11_6861.T_overheat_risk,2026-05-11,2026-05-13 00:40:13 JST,6861.T,キーエンス,工业自动化 / 机器人 / 精密制造,overheat_risk,overheat_risk,D：不宜购买，避免追高,过热提醒，避免追高,82300.0,84170.0,2.221694190329096,67886.0,63072.002421875,58105.33728515625,true,41.6393120585578,false,41.093776787245,48.20232718339539,35.81156609323677,41.1905987304855,54.98047112774464,2.4725259858629833,8.892559658979815,38.71807274462252,39.30976752441558,false,2,1114000.0,1091215.0,77223305150.0,,,,,,,,,,,,,,,,,,,,,,,,,,,,,,,,,,,,,,
2026-05-11_6954.T_overheat_risk,2026-05-11,2026-05-13 00:40:13 JST,6954.T,ファナック,工业自动化 / 机器人 / 精密制造,overheat_risk,overheat_risk,D：不宜购买，避免追高,过热提醒，避免追高,7564.0,7564.0,0.0,6569.2,6236.904404296875,5351.739630126953,true,41.337219722338546,false,37.72760378732703,26.400071542874983,57.947819650142776,37.427325581395344,16.402869729556002,2.4725259858629833,8.892559658979815,34.954799595532364,17.50751188389517,false,1,8889100.0,7468650.0,50315438090.0,,,,,,,,,,,,,,,,,,,,,,,,,,,,,,,,,,,,,,
2026-05-11_6506.T_overheat_risk,2026-05-11,2026-05-13 00:40:13 JST,6506.T,安川電機,工业自动化 / 机器人 / 精密制造,overheat_risk,overheat_risk,D：不宜购买，避免追高,过热提醒，避免追高,6574.0,6574.0,0.0,5386.95,4916.438505859375,4212.693259277344,true,56.05218788532733,false,52.63524495008127,38.72154936437266,51.943751855769605,51.54449054863992,27.61634051568802,2.4725259858629833,8.892559658979815,49.07196456277694,29.82898970539285,false,0,6630500.0,5287605.0,28704588330.0,,,,,,,,,,,,,,,,,,,,,,,,,,,,,,,,,,,,,,
2026-05-11_6645.T_overheat_risk,2026-05-11,2026-05-13 00:40:13 JST,6645.T,オムロン,工业自动化 / 机器人 / 精密制造,overheat_risk,overheat_risk,D：不宜购买，避免追高,过热提醒，避免追高,6188.0,6247.0,0.9444533376020491,5201.35,4891.699921875,4218.861231689453,true,46.67465129024877,false,37.29753716441091,60.65818897248996,42.94176597545756,36.963258078795924,49.10334620077204,2.4725259858629833,8.892559658979815,34.490732092932944,51.765629313510146,false,1,2250400.0,1643350.0,8754252160.0,,,,,,,,,,,,,,,,,,,,,,,,,,,,,,,,,,,,,,
2026-05-11_6273.T_overheat_risk,2026-05-11,2026-05-13 00:40:13 JST,6273.T,SMC,工业自动化 / 机器人 / 精密制造,overheat_risk,overheat_risk,D：不宜购买，避免追高,过热提醒，避免追高,82320.0,82860.0,0.6517016654598118,73220.0,69060.603671875,57152.73765625,true,44.03509503800262,false,32.51770766258855,38.53342935304038,59.579847701152474,32.496378561081606,29.61812451321517,2.4725259858629833,8.892559658979815,30.023852575218623,29.64086969406057,false,1,381900.0,359615.0,26703649950.0,,,,,,,,,,,,,,,,,,,,,,,,,,,,,,,,,,,,,,
2026-05-11_6383.T_overheat_risk,2026-05-11,2026-05-13 00:40:13 JST,6383.T,ダイフク,工业自动化 / 机器人 / 精密制造,overheat_risk,overheat_risk,D：不宜购买，避免追高,过热提醒，避免追高,7578.0,7578.0,0.0,6619.2,6150.42,5165.145189208984,true,46.714172059131066,false,27.618726844055242,39.4809497515185,57.396297758952116,29.538461538461537,32.761037140854945,2.4725259858629833,8.892559658979815,27.065935552598553,30.58839009253869,false,2,2886600.0,2028890.0,13685788215.0,,,,,,,,,,,,,,,,,,,,,,,,,,,,,,,,,,,,,,
2026-05-11_6324.T_overheat_risk,2026-05-11,2026-05-13 00:40:13 JST,6324.T,ハーモニック・ドライブ,工业自动化 / 机器人 / 精密制造,overheat_risk,overheat_risk,D：不宜购买，避免追高,过热提醒，避免追高,6400.0,6400.0,0.0,4699.5,4345.0943994140625,3404.555841064453,true,87.98340514218164,false,67.1018276762402,92.66615640631287,114.43124644378724,67.97900262467192,85.15967889193506,2.4725259858629833,8.892559658979815,65.50647663880893,83.77359674733304,false,0,1981700.0,1624560.0,7862609450.0,,,,,,,,,,,,,,,,,,,,,,,,,,,,,,,,,,,,,,
2026-05-11_6481.T_overheat_risk,2026-05-11,2026-05-13 00:40:13 JST,6481.T,THK,工业自动化 / 机器人 / 精密制造,overheat_risk,overheat_risk,D：不宜购买，避免追高,过热提醒，避免追高,6931.0,6931.0,0.0,5760.15,5294.08,4393.228656005859,true,57.7655192275236,false,40.70239545269996,51.431068385405275,70.10337767183215,39.56906967378171,41.33360522022838,2.4725259858629833,8.892559658979815,37.096543687918725,42.53850872642546,false,1,1531200.0,1022425.0,5964725920.0,,,,,,,,,,,,,,,,,,,,,,,,,,,,,,,,,,,,,,
2026-05-11_7013.T_trend_weakness,2026-05-11,2026-05-13 00:40:13 JST,7013.T,IHI,防卫 / 航天 / 安全保障,trend_weakness,trend_weakness,E：风险警告，不建议新买入,趋势转弱，谨慎观察,2870.0,4487.14306640625,36.03948085616577,3103.825,3468.677861328125,2998.050065917969,false,-4.2711116593298515,true,-13.056649500151474,-18.34826719488243,-6.82345525987853,-14.097575576174803,-22.315155751718464,2.4725259858629833,8.892559658979815,-16.570101562037785,-27.240826853862245,true,2,42420100.0,21595755.0,66472178660.0,,,,,,,,,,,,,,,,,,,,,,,,,,,,,,,,,,,,,,
2026-05-11_6701.T_trend_weakness,2026-05-11,2026-05-13 00:40:13 JST,6701.T,NEC,防卫 / 航天 / 安全保障,trend_weakness,trend_weakness,E：风险警告，不建议新买入,趋势转弱，谨慎观察,4101.0,6040.50927734375,32.108373454839366,4230.35,4150.096435546875,4760.169781494141,false,-13.847610731381055,false,2.2438294689603566,-21.031455604940653,-19.047162363256486,0.6627393225331346,-6.214750333988284,2.4725259858629833,8.892559658979815,-1.8097866633298487,-29.924015263920467,false,0,8014100.0,10416425.0,44197826960.0,,,,,,,,,,,,,,,,,,,,,,,,,,,,,,,,,,,,,,
2026-05-11_6702.T_trend_weakness,2026-05-11,2026-05-13 00:40:13 JST,6702.T,富士通,防卫 / 航天 / 安全保障,trend_weakness,trend_weakness,E：风险警告，不建议新买入,趋势转弱，谨慎观察,3341.0,4586.318359375,27.15289828996314,3540.3,3448.5272021484375,3720.4006469726564,false,-10.197843806993745,false,2.6420890937020047,-22.771742614612666,-12.507986956949269,-0.11958146487294208,-14.371407995856211,2.4725259858629833,8.892559658979815,-2.5921074507359254,-31.664302273592483,false,1,8795500.0,11294815.0,39264112175.0,,,,,,,,,,,,,,,,,,,,,,,,,,,,,,,,,,,,,,
2026-05-11_7733.T_trend_weakness,2026-05-11,2026-05-13 00:40:13 JST,7733.T,オリンパス,医疗器械 / 高龄化 / 健康科技,trend_weakness,trend_weakness,E：风险警告，不建议新买入,趋势转弱，谨慎观察,1551.0,2074.509765625,25.235348336250375,1566.25,1474.3529443359375,1755.9191156005859,false,-11.670191057205749,false,-0.545046489259382,-15.127679957847706,-19.469583234644038,-0.7677543186180413,-14.89941074278237,2.4725259858629833,8.892559658979815,-3.2402803044810247,-24.02023961682752,false,0,3728700.0,4818185.0,7550376655.0,,,,,,,,,,,,,,,,,,,,,,,,,,,,,,,,,,,,,,
2026-05-11_7701.T_trend_weakness,2026-05-11,2026-05-13 00:40:13 JST,7701.T,島津製作所,医疗器械 / 高龄化 / 健康科技,trend_weakness,trend_weakness,E：风险警告，不建议新买入,趋势转弱，谨慎观察,3815.0,4424.6083984375,13.777680272287515,3749.7,3834.5221826171874,3900.193204345703,false,-2.184332926142696,false,-0.15702695629415953,-7.929306159638683,-7.708877660091574,-0.7027589796980704,-10.076978356656408,2.4725259858629833,8.892559658979815,-3.1752849655610538,-16.821865818618498,false,1,1634800.0,1480070.0,5557951160.0,,,,,,,,,,,,,,,,,,,,,,,,,,,,,,,,,,,,,,
2026-05-11_6849.T_trend_weakness,2026-05-11,2026-05-13 00:40:13 JST,6849.T,日本光電,医疗器械 / 高龄化 / 健康科技,trend_weakness,trend_weakness,E：风险警告，不建议新买入,趋势转弱，谨慎观察,1453.0,1839.051025390625,20.99186047916346,1494.7,1519.6336303710937,1632.204066772461,false,-10.979268488579441,false,-5.1566579634464755,-12.755491035192668,-17.71645168954672,-5.893782383419688,-15.14954681939541,2.4725259858629833,8.892559658979815,-8.36630836928267,-21.648050694172483,false,0,543700.0,509380.0,760002287.5,,,,,,,,,,,,,,,,,,,,,,,,,,,,,,,,,,,,,,
2026-05-11_8053.T_overheat_risk,2026-05-11,2026-05-13 00:40:13 JST,8053.T,住友商事,商社 / 资源 / 全球基础设施,overheat_risk,overheat_risk,D：不宜购买，避免追高,过热提醒，避免追高,7206.0,7400.0,2.6216216216216215,6207.45,6018.3028515625,5075.835313720703,true,41.96678092611001,false,20.84521214153949,20.579935225581703,57.09886711887666,19.20595533498759,22.74834958442988,2.4725259858629833,8.892559658979815,16.733429349124606,11.687375566601888,false,2,4338400.0,4712185.0,30995933115.0,,,,,,,,,,,,,,,,,,,,,,,,,,,,,,,,,,,,,,
